Method,Model,Fold,RMSE_log,MAE_log,R2_log,RMSE_USD,MAE_USD,N_features,N_encoded,N_train_used,N_outliers_removed,N_near_constant_removed,Fit_seconds,Predict_seconds
All features,SVR,1,0.2079233686512179,0.12409278159754551,0.7683302170030334,44279.05200743368,21730.01657332094,311,311,1166,2,5,0.17773360013961792,0.0560807001311332
All features,SVR,2,0.18520666756545667,0.1130810432506218,0.7792779600496972,39392.064406531055,20341.590770647555,310,310,1166,2,5,0.1475992000196129,0.05341589986346662
All features,SVR,3,0.16671544373678462,0.10970696159554769,0.802683451498867,31617.376161954162,19230.50794982839,309,309,1168,0,5,0.14691120013594627,0.0569843000266701
All features,SVR,4,0.20494921715894593,0.12460315789366634,0.7625138632765498,41059.45033181393,22076.729561755255,313,313,1166,2,4,0.154288399964571,0.06520690000616014
All features,SVR,5,0.1618905996756384,0.10148864975797058,0.8068004524787163,34687.12698594314,18445.896123582253,318,318,1166,2,4,0.16540950001217425,0.06501200003549457
All features,XGBoost,1,0.12766022489870166,0.08856438469908127,0.9126678812195895,23865.024371857333,15367.035651220041,311,311,1166,2,5,0.27632860001176596,0.03807300003245473
All features,XGBoost,2,0.10821976061556081,0.07576543102864912,0.9246391819500555,22697.72962950469,13906.967786815076,310,310,1166,2,5,0.2811090999748558,0.03219940001145005
All features,XGBoost,3,0.17233489081719972,0.09715274817069615,0.7891574445042228,49775.32902167733,19202.34738869863,309,309,1168,0,5,0.33991830004379153,0.04061829997226596
All features,XGBoost,4,0.12599843943971256,0.08918487897669561,0.910241400540557,26246.823532139108,16169.922169306506,313,313,1166,2,4,0.29533899994567037,0.04194899997673929
All features,XGBoost,5,0.10710393739315444,0.07403294125586625,0.9154382981082504,19430.566451060153,13076.560105415236,318,318,1166,2,4,0.26210719998925924,0.03435410000383854
All features,Random Forest,1,0.14579896127634084,0.09557807087023784,0.8860874310243624,27630.367736133045,16755.23940128622,311,311,1166,2,5,1.0092426999472082,0.05991159984841943
All features,Random Forest,2,0.12425962324033794,0.0869824747717408,0.9006443586220614,24491.970930707117,16160.16838891195,310,310,1166,2,5,1.0360075000207871,0.06919849989935756
All features,Random Forest,3,0.1710062876624616,0.10517535699133196,0.7923958633449827,42029.150756755225,20054.462695889975,309,309,1168,0,5,1.0406506001017988,0.07137779984623194
All features,Random Forest,4,0.14909132929731614,0.10164919537632824,0.874324532626437,29437.207760589146,18160.440983221968,313,313,1166,2,4,1.064240099862218,0.0697097999509424
All features,Random Forest,5,0.12109578410650818,0.0831573274894118,0.891901196072261,23319.960298076207,14926.998213217326,318,318,1166,2,4,1.0274910000152886,0.05734129995107651
F-regression,SVR,1,0.1766596898529258,0.1233284415942341,0.8327609415988788,36761.439520312204,21549.0755421268,30,311,1166,2,5,0.1677454998716712,0.05011929990723729
F-regression,SVR,2,0.16980192733824415,0.11811311643080542,0.8144684823755565,35407.17540785111,20958.579141359547,30,310,1166,2,5,0.17441170010715723,0.049776299856603146
F-regression,SVR,3,0.17332315818172175,0.12161170684031507,0.7867323259578134,35441.49597895364,21615.053915060675,30,309,1168,0,5,0.16920730005949736,0.0501375999301672
F-regression,SVR,4,0.17594748220236173,0.12543236354644657,0.8249702598158342,36626.22747065752,22333.172649545242,30,313,1166,2,4,0.1665674999821931,0.04469610005617142
F-regression,SVR,5,0.1450415801668687,0.10397868321718184,0.8449228230207175,26977.973193139296,18504.39577978743,30,318,1166,2,4,0.163541299989447,0.04750479990616441
F-regression,XGBoost,1,0.1536544548682186,0.10596858839377858,0.873481772539963,27520.885877424786,18277.83822506422,30,311,1166,2,5,0.16610719985328615,0.033123900182545185
F-regression,XGBoost,2,0.12379108692939547,0.08801578156237655,0.9013922115439533,21463.440159902126,15512.72258936217,30,310,1166,2,5,0.1701003999914974,0.03510480001568794
F-regression,XGBoost,3,0.17841069723637198,0.10841876975446024,0.774028522290393,46622.04602712906,20537.15655768408,30,309,1168,0,5,0.1660658000037074,0.03643970005214214
F-regression,XGBoost,4,0.14665677659184265,0.1055096936883511,0.8783953993857077,29807.71127834508,18932.706830586478,30,313,1166,2,4,0.17782069998793304,0.03366390010342002
F-regression,XGBoost,5,0.12599432550911063,0.08677445259186502,0.8829787283300214,22574.982663386556,15122.432857983733,30,318,1166,2,4,0.17053220001980662,0.03508699988014996
F-regression,Random Forest,1,0.160832836401504,0.10805657758916734,0.8613843618720671,29073.8538958121,18538.923554938272,30,311,1166,2,5,0.37759140017442405,0.057227700017392635
F-regression,Random Forest,2,0.13032343649128852,0.09208615859680411,0.8907107330573425,24748.54080032015,16864.125157061026,30,310,1166,2,5,0.38944480009377,0.05913929990492761
F-regression,Random Forest,3,0.18462391516669263,0.11410931589644664,0.758015383602255,45388.742983959426,21355.471873955277,30,309,1168,0,5,0.40197210013866425,0.07025899994187057
F-regression,Random Forest,4,0.155029690307827,0.10837098920408589,0.8641137561519981,30026.728703689078,19058.403213634952,30,313,1166,2,4,0.3884097000118345,0.059295100159943104
F-regression,Random Forest,5,0.13004155628585493,0.08936186222129097,0.8753399898191567,24395.786115052182,15785.371044025629,30,318,1166,2,4,0.4022082001902163,0.05895629990845919
Mutual Information,SVR,1,0.15472753650158963,0.10741057994642107,0.8717084629749506,28212.297097429942,18462.873772005398,30,311,1166,2,5,1.7965804000850767,0.046608599834144115
Mutual Information,SVR,2,0.14721839224516606,0.1065694029486627,0.8605377693379779,32256.574618013874,19358.58780904635,30,310,1166,2,5,1.8249803001526743,0.04627360007725656
Mutual Information,SVR,3,0.15928282847718844,0.10868099863549464,0.819885049564415,27178.73164037757,18484.86065907216,30,309,1168,0,5,2.1327632998581976,0.09360769996419549
Mutual Information,SVR,4,0.18581003548689956,0.12006932313970624,0.8047980878092553,35161.19898842649,21197.30950657633,30,313,1166,2,4,2.202976900152862,0.09093410009518266
Mutual Information,SVR,5,0.14702252034520952,0.10038492743934385,0.8406578883774423,28744.74068180238,17939.108141550754,30,318,1166,2,4,1.9321131000760943,0.04274910013191402
Mutual Information,XGBoost,1,0.14288154094650649,0.09739107659234579,0.8906005755737785,25679.88125430014,17034.377113655828,30,311,1166,2,5,1.6703023998998106,0.031662199879065156
Mutual Information,XGBoost,2,0.11203885668390519,0.08066864196726801,0.9192263323770873,21709.42915813163,14693.070834225184,30,310,1166,2,5,1.6510729000438005,0.03218510001897812
Mutual Information,XGBoost,3,0.1743805198167123,0.10354612467797,0.7841223008936632,47364.95485920945,19830.63411012414,30,309,1168,0,5,1.640952599933371,0.032755899941548705
Mutual Information,XGBoost,4,0.1443264232459717,0.10032697791421441,0.8822292521267606,28071.881871800906,17752.527464148123,30,313,1166,2,4,1.7558705999981612,0.03136250004172325
Mutual Information,XGBoost,5,0.11339208191252262,0.07677702395042367,0.9052174694169967,20611.19367100507,13503.922396725164,30,318,1166,2,4,1.7017385999206454,0.033498300006613135
Mutual Information,Random Forest,1,0.1544471218323805,0.10324072923852544,0.8721730503510752,28758.986357045156,17860.914463557085,30,311,1166,2,5,2.0051985001191497,0.05668659997172654
Mutual Information,Random Forest,2,0.12299090399286172,0.08731144175672412,0.9026628886811741,24300.676638822315,16346.390854169815,30,310,1166,2,5,1.8598829000256956,0.055744499899446964
Mutual Information,Random Forest,3,0.18061576662752626,0.11193764203941547,0.7684082084535752,43769.36453633909,20853.270190326388,30,309,1168,0,5,1.919115599943325,0.055373100098222494
Mutual Information,Random Forest,4,0.15281281915239747,0.10499675583190454,0.8679722230470093,29807.196012361375,18606.703164239803,30,313,1166,2,4,1.9584175001364201,0.056049800012260675
Mutual Information,Random Forest,5,0.12049547840475673,0.08355186915874191,0.892970291649932,23275.222320924015,15098.330395323499,30,318,1166,2,4,1.959945400012657,0.05651420005597174
RFE (Ridge),SVR,1,0.1560336211684464,0.09745347873187549,0.8695334550284393,29181.998818755248,16899.198700137345,30,311,1166,2,5,0.1829421001020819,0.04097549989819527
RFE (Ridge),SVR,2,0.14278904803019762,0.09469209043046552,0.8688034959700909,32604.357625345656,16991.949826867567,30,310,1166,2,5,0.18388620018959045,0.042780299903824925
RFE (Ridge),SVR,3,0.13975664166331697,0.09870847373631762,0.8613382245101106,29291.766776398654,17941.361906848833,30,309,1168,0,5,0.1815405001398176,0.04228639998473227
RFE (Ridge),SVR,4,0.15306683459249246,0.10316889790268495,0.8675329278644894,31433.272997737058,18443.759565996133,30,313,1166,2,4,0.1829096998553723,0.04347510007210076
RFE (Ridge),SVR,5,0.15229906193805273,0.09643415420597043,0.8290152813338726,34140.116533117965,17880.840046701134,30,318,1166,2,4,0.19565890007652342,0.04297489998862147
RFE (Ridge),XGBoost,1,0.1224552881384382,0.08523546747200557,0.9196440804132295,22099.4590580451,14776.948656892133,30,311,1166,2,5,0.18999910005368292,0.03287520003505051
RFE (Ridge),XGBoost,2,0.11254704566960037,0.07859972893146269,0.9184919196309054,21739.258744452054,14283.529403895558,30,310,1166,2,5,0.18654490006156266,0.03171680006198585
RFE (Ridge),XGBoost,3,0.17326257660802333,0.10403795691965606,0.7868813866311918,47299.6836181826,19806.288366866433,30,309,1168,0,5,0.18382339994423091,0.03435380011796951
RFE (Ridge),XGBoost,4,0.130905848524363,0.0900382200606943,0.9031133732992948,26847.745476109503,16245.820138591616,30,313,1166,2,4,0.18443139991723,0.03314230008982122
RFE (Ridge),XGBoost,5,0.11318364479907476,0.07674049925933582,0.9055656072912606,20308.6454136587,13505.935894691778,30,318,1166,2,4,0.19287080015055835,0.03149190009571612
RFE (Ridge),Random Forest,1,0.14558049538946194,0.09526149915226055,0.8864285495828144,27128.08613952435,16637.048067970394,30,311,1166,2,5,0.3734762000385672,0.05468309996649623
RFE (Ridge),Random Forest,2,0.12282664964441986,0.08811894870783228,0.9029227024928331,23794.498696371527,16224.449070856635,30,310,1166,2,5,0.4398010999429971,0.05520409997552633
RFE (Ridge),Random Forest,3,0.17696321494526301,0.11179033138277841,0.7776803530901069,43757.77554408702,21208.65860554245,30,309,1168,0,5,0.3494313999544829,0.05389750003814697
RFE (Ridge),Random Forest,4,0.147249302352904,0.10156711438186142,0.8774107955105263,28223.136706010617,17944.117753744176,30,313,1166,2,4,0.38917390001006424,0.05575569998472929
RFE (Ridge),Random Forest,5,0.12214597066209519,0.08437978649638399,0.8900181219146871,23351.273638715793,15180.336784218018,30,318,1166,2,4,0.3860496999695897,0.055940600112080574
Lasso,SVR,1,0.16922460269740497,0.10019712319795308,0.8465419085198619,31038.710087208954,17232.21886042305,30,311,1166,2,5,0.17384549998678267,0.04105110000818968
Lasso,SVR,2,0.14337239962433,0.09858780034049401,0.8677293235945099,35169.47372202329,18411.189057162013,30,310,1166,2,5,0.1569189999718219,0.040943600004538894
Lasso,SVR,3,0.14223029734671586,0.0956765248756862,0.8563862307755651,28330.10756445391,17640.68160110894,30,309,1168,0,5,0.17404429987072945,0.04209290002472699
Lasso,SVR,4,0.1876500016772209,0.10898880762338736,0.8009130100632478,37952.03354783493,19796.236516302077,30,313,1166,2,4,0.1793364998884499,0.04295599996112287
Lasso,SVR,5,0.15619055315680896,0.09798287775639672,0.8201657668412528,32983.70842268604,17444.19511744428,30,318,1166,2,4,0.1750070999842137,0.04268469987437129
Lasso,XGBoost,1,0.1282521559797801,0.08913403334002572,0.9118561257414148,23056.60845359815,15278.51680222604,30,311,1166,2,5,0.1775585999712348,0.03648690017871559
Lasso,XGBoost,2,0.11281591010787301,0.0779550009505096,0.9181020240079065,24217.011617503766,14441.979773116447,30,310,1166,2,5,0.16781779984012246,0.03409970016218722
Lasso,XGBoost,3,0.17505425795835503,0.09926925516675941,0.782450944352785,50892.023270867336,19394.318947988013,30,309,1168,0,5,0.17440429981797934,0.032339900033548474
Lasso,XGBoost,4,0.12958804260241255,0.0869060926207312,0.9050542356387457,26499.940318525907,15838.26597281678,30,313,1166,2,4,0.17656979989260435,0.03287689993157983
Lasso,XGBoost,5,0.1115793246028573,0.07621933898039407,0.9082237522019968,19490.184873105667,13189.640477846746,30,318,1166,2,4,0.16987899993546307,0.031657000072300434
Lasso,Random Forest,1,0.144343659516788,0.09416675541651677,0.8883501330750515,26917.55847734308,16420.905667841344,30,311,1166,2,5,0.3501919999253005,0.055199099937453866
Lasso,Random Forest,2,0.12166714821264664,0.08558129546102305,0.9047468989261048,23651.533763612377,15885.131473970989,30,310,1166,2,5,0.3515125000849366,0.05430529988370836
Lasso,Random Forest,3,0.1781445259477507,0.10951375374059666,0.7747022739604287,45743.49433096767,20998.64041389595,30,309,1168,0,5,0.3500257998239249,0.05551470001228154
Lasso,Random Forest,4,0.1470695761669666,0.10063730998710464,0.8777098671373751,29183.732112527712,17915.71324173995,30,313,1166,2,4,0.35443489998579025,0.05579489981755614
Lasso,Random Forest,5,0.12182933975806486,0.08340225563629118,0.8905875803382731,23511.2323472183,15014.74782932509,30,318,1166,2,4,0.3667523998301476,0.05620640004053712
RF importance,SVR,1,0.15643832820057418,0.10726861912161326,0.8688557907804307,33712.809622883506,19686.08885991331,30,311,1166,2,5,1.059718200005591,0.09191949991509318
RF importance,SVR,2,0.14765215605681944,0.10055888992771245,0.8597147364681281,39030.45731294415,19547.776893860413,30,310,1166,2,5,1.040691299829632,0.08904500002972782
RF importance,SVR,3,0.15021035747140202,0.1015488601232428,0.8398187774450996,29237.776671998403,18417.340144702386,30,309,1168,0,5,1.0252197000663728,0.09051260002888739
RF importance,SVR,4,0.18407074419146519,0.11611075491203977,0.8084353936754061,36701.05276485049,21189.444428795057,30,313,1166,2,4,1.029969200026244,0.09071819996461272
RF importance,SVR,5,0.14195259291912318,0.09713692552058688,0.8514579199885293,29097.81462539546,17737.15678749625,30,318,1166,2,4,1.0675717000849545,0.08164469990879297
RF importance,XGBoost,1,0.13498205171301242,0.09322510906381483,0.9023629078736614,25283.25945132288,16290.261518086485,30,311,1166,2,5,1.0633622000459582,0.06813049991615117
RF importance,XGBoost,2,0.11495321893866274,0.08202420630795768,0.9149694985617707,23480.054530198715,15164.551356485457,30,310,1166,2,5,1.0502047999761999,0.08016270003281534
RF importance,XGBoost,3,0.1733839092820264,0.10074667210340353,0.7865827958358684,48280.94083982397,19650.581188463184,30,309,1168,0,5,1.1134069000836462,0.08451130008324981
RF importance,XGBoost,4,0.12934310397773274,0.0902967112876994,0.9054128166639458,26506.89860648386,16216.4169520548,30,313,1166,2,4,1.1770965000614524,0.12858140002936125
RF importance,XGBoost,5,0.11005674229169139,0.07519199639119549,0.9107113722950626,20362.82315449781,13366.267711900684,30,318,1166,2,4,1.784651700174436,0.1419156000483781
RF importance,Random Forest,1,0.1486073360379069,0.09876231572590793,0.8816568065403761,28628.130797520997,17422.54138121284,30,311,1166,2,5,2.0974777000956237,0.15219389996491373
RF importance,Random Forest,2,0.1227445443466003,0.08567925412552387,0.903052444636361,24681.094042720175,16181.202157464868,30,310,1166,2,5,1.8729432998225093,0.10770330019295216
RF importance,Random Forest,3,0.1729062647447427,0.10693158043439199,0.7877570357227376,42651.227336069154,20410.97592127953,30,309,1168,0,5,1.371335499919951,0.189148599980399
RF importance,Random Forest,4,0.14647836559735558,0.1009079241666035,0.8786910884314176,29044.257612087717,18052.308561365197,30,313,1166,2,4,1.7470358000136912,0.11098110000602901
RF importance,Random Forest,5,0.12346030229486175,0.08448830375217924,0.8876385038530699,23951.736631754135,15304.876835716977,30,318,1166,2,4,1.6669486002065241,0.12050079996697605
