Method,Model,RMSE_log_mean,RMSE_log_std,MAE_log_mean,R2_log_mean,RMSE_USD_mean,MAE_USD_mean,N_features_mean,N_features_min,N_features_max,Fit_seconds_mean,N_outliers_removed_mean,N_near_constant_removed_mean,Predict_seconds_mean,RMSE_improvement_pct
All features,SVR,0.18533705935760872,0.021161853316159298,0.11459451881907039,0.7839211888613727,38207.013978735195,20364.94819582688,312.2,309,318,0.15838838005438446,1.6,4.6,0.05933996001258492,0.0
All features,XGBoost,0.12826345063286584,0.026444567055276792,0.08494007682619768,0.890428841264535,28403.09460124772,15544.566620291098,312.2,309,318,0.2909604399930686,1.6,4.6,0.037438759999349716,0.0
All features,Random Forest,0.14225039711659293,0.02035606480914267,0.09450848509981014,0.8690706763380209,29381.731496452143,17211.46193650549,312.2,309,318,1.03552637998946,1.6,4.6,0.06550779989920556,0.0
F-regression,SVR,0.16815476754842443,0.01319758437299943,0.11849286232579659,0.8207709665537601,34242.862314182756,20992.05540557594,30.0,30,30,0.16829466000199317,1.6,4.6,0.04844681993126869,9.270834375347986
F-regression,XGBoost,0.14570146822698787,0.02237460924622238,0.0989374571981663,0.8620553268180077,29597.81320123752,17676.571412136134,30.0,30,30,0.1701252599712461,1.6,4.6,0.03468386004678905,-13.595468941526951
F-regression,Random Forest,0.15217028693063342,0.022931525956428354,0.10239698070155898,0.8499128449005638,30726.730499766585,18320.45896872303,30.0,30,30,0.3919252401217818,1.6,4.6,0.06097547998651862,-6.9735410340611095
Mutual Information,SVR,0.15881226261121065,0.015962471712077576,0.1086230464219257,0.8395174516128081,30310.708605210053,19088.547977650196,30.0,30,30,1.977882800064981,1.6,4.6,0.06403462002053857,14.311652962626516
Mutual Information,XGBoost,0.13740388452112368,0.025812541146658815,0.09174196902044437,0.8762791860776572,28687.46816288944,16562.906383775688,30.0,30,30,1.6839874199591578,1.6,4.6,0.032292799977585676,-7.126296574088671
Mutual Information,Random Forest,0.14627241800198454,0.02497772875130275,0.0982076876050623,0.8608373324365532,29982.28917309839,17753.121813523318,30.0,30,30,1.9405119800474495,1.6,4.6,0.05607364000752568,-2.8274233091209107
RFE (Ridge),SVR,0.14878904147850122,0.007083217140494383,0.0980914190014628,0.8592446769414005,31330.302550270913,17631.4220093102,30.0,30,30,0.18538748007267714,1.6,4.6,0.04249843996949494,19.719757077071094
RFE (Ridge),XGBoost,0.13047088074789992,0.025078280179754924,0.08693037452863088,0.8867392734531764,27658.95846208959,15723.704492187502,30.0,30,30,0.18753392002545297,1.6,4.6,0.032716000080108644,-1.721012575400377
RFE (Ridge),Random Forest,0.1429531265988288,0.022472533874577094,0.09622353602422333,0.8668921045181935,29250.954144941858,17438.922056466334,30.0,30,30,0.38758645998314023,1.6,4.6,0.05509620001539588,-0.49400880171877204
Lasso,SVR,0.15973357090049614,0.0190788644659489,0.10028662675878348,0.8383472479588875,33094.806668841426,18104.90423048807,30.0,30,30,0.17183047994039952,1.6,4.6,0.04194565997458995,13.814554167340342
Lasso,XGBoost,0.1314579382502556,0.02577351904375036,0.085896744211684,0.8851374163885698,28831.153706720164,15628.544394798804,30.0,30,30,0.17324589989148081,1.6,4.6,0.03349208007566631,-2.4905673452786403
Lasso,Random Forest,0.14261084992044334,0.023216560935604053,0.09466027404830646,0.8672193506874466,29801.510206333827,17247.027725354663,30.0,30,30,0.35458351993001996,1.6,4.6,0.055404079938307406,-0.25339317932095157
RF importance,SVR,0.1560648357678768,0.01649752934150012,0.10452480992103903,0.8456565236715188,33555.9821996144,19315.561422953484,30.0,30,30,1.0446340200025588,1.6,4.6,0.08876799996942282,15.794047715654658
RF importance,XGBoost,0.13254380524062515,0.02499600147555087,0.08829693903081418,0.8840078782460618,28782.795316465443,16137.615745398123,30.0,30,30,1.2377444200683385,1.6,4.6,0.10066030002199114,-3.337158470818901
RF importance,Random Forest,0.14283936260429345,0.020795914045336195,0.0953538756409213,0.8677591758367924,29791.289284030434,17474.38097140788,30.0,30,30,1.75114818001166,1.6,4.6,0.136105540022254,-0.4140343363806436
